{"train/loss": 0.174, "train/grad_norm": 0.4484880268573761, "train/learning_rate": 4.551908603018191e-05, "train/epoch": 0.96, "train/global_step": 30, "_timestamp": 1711476095.2658985, "_runtime": 71.37434434890747, "_step": 2}